<?xml version="1.0" encoding="UTF-8"?>
<!--
 Licensed to the Apache Software Foundation (ASF) under one
 or more contributor license agreements. See the NOTICE file
 distributed with this work for additional information
 regarding copyright ownership. The ASF licenses this file
 to you under the Apache License, Version 2.0 (the
 "License"); you may not use this file except in compliance
 with the License. You may obtain a copy of the License at
 
 http://www.apache.org/licenses/LICENSE-2.0
 
 Unless required by applicable law or agreed to in writing,
 software distributed under the License is distributed on an
 "AS IS" BASIS, WITHOUT WARRANTIES OR CONDITIONS OF ANY
 KIND, either express or implied. See the License for the
 specific language governing permissions and limitations
 under the License.
-->
<beans xmlns="http://www.springframework.org/schema/beans"
       xmlns:xsi="http://www.w3.org/2001/XMLSchema-instance"
       xmlns:http="http://cxf.apache.org/transports/http/configuration"
       xmlns:jaxws="http://cxf.apache.org/jaxws"
       xmlns:cxf="http://cxf.apache.org/core"
       xmlns:p="http://cxf.apache.org/policy"
       xmlns:sec="http://cxf.apache.org/configuration/security"
       xsi:schemaLocation="
          http://www.springframework.org/schema/beans           http://www.springframework.org/schema/beans/spring-beans.xsd
          http://cxf.apache.org/jaxws                           http://cxf.apache.org/schemas/jaxws.xsd
          http://cxf.apache.org/transports/http/configuration   http://cxf.apache.org/schemas/configuration/http-conf.xsd
          http://cxf.apache.org/configuration/security          http://cxf.apache.org/schemas/configuration/security.xsd
          http://cxf.apache.org/core http://cxf.apache.org/schemas/core.xsd
          http://cxf.apache.org/policy http://cxf.apache.org/schemas/policy.xsd"
>
    <cxf:bus>
        <cxf:features>
            <p:policies/>
            <cxf:logging/>
        </cxf:features>
    </cxf:bus>
    
 
    
    <!-- Configure based on a reference to an actual defined STSClient bean -->
    <bean id="OasisScenario4Binding_IPingServiceContract-sts" 
    	class="org.apache.cxf.ws.security.trust.STSClient">
    	<constructor-arg ref="cxf"/>
    	<property name="wsdlLocation" value="target/wsdl2/trust.wsdl"/>
    	<property name="serviceName" value="{http://schemas.microsoft.com/ws/2008/06/identity/securitytokenservice}SecurityTokenService"/>
    	<property name="endpointName" value="{http://schemas.microsoft.com/ws/2008/06/identity/securitytokenservice}CustomBinding_IWSTrust13Sync3"/>
    	<property name="properties">
    		<map>
            	<entry key="ws-security.callback-handler" value="interop.client.KeystorePasswordCallback"/>
            	<entry key="ws-security.signature.properties" value="etc/alice.properties"/> 
            	<entry key="ws-security.encryption.properties" value="etc/wssip.properties"/> 
    		</map>
    	</property>
    </bean>
         
        
    <jaxws:client name="{http://tempuri.org/}CustomBinding_IPingServiceContract" createdFromAPI="true">
        <jaxws:properties>
            <entry key="ws-security.sts.client">
                <!-- direct STSClient config and creation -->
			    <bean class="org.apache.cxf.ws.security.trust.STSClient">
			    	<constructor-arg ref="cxf"/>
			    	<property name="wsdlLocation" value="target/wsdl2/trust.wsdl"/>
			    	<property name="serviceName" value="{http://schemas.microsoft.com/ws/2008/06/identity/securitytokenservice}SecurityTokenService"/>
			    	<property name="endpointName" value="{http://schemas.microsoft.com/ws/2008/06/identity/securitytokenservice}CustomBinding_IWSTrust13Sync"/>
			    	<property name="properties">
			    		<map>
			    			<entry key="ws-security.username" value="joe"/>
			    			<entry key="ws-security.password" value="eoj"/>
							<entry key="ws-security.callback-handler" value="interop.client.KeystorePasswordCallback"/>
				        	<entry key="ws-security.signature.properties" value="etc/alice.properties"/> 
				        	<entry key="ws-security.encryption.properties" value="etc/bob.properties"/>			    			
			    		</map>
			    	</property>
			    </bean>            
            </entry> 
        </jaxws:properties>
    </jaxws:client>
    
    
    <jaxws:client name="{http://tempuri.org/}CustomBinding_IPingServiceContract1" createdFromAPI="true">
        <jaxws:properties>
            <entry key="ws-security.sts.client">
                <!-- direct STSClient config and creation -->
			    <bean class="org.apache.cxf.ws.security.trust.STSClient">
			    	<constructor-arg ref="cxf"/>
			    	<property name="wsdlLocation" value="target/wsdl2/trust.wsdl"/>
			    	<property name="serviceName" value="{http://schemas.microsoft.com/ws/2008/06/identity/securitytokenservice}SecurityTokenService"/>
			    	<property name="endpointName" value="{http://schemas.microsoft.com/ws/2008/06/identity/securitytokenservice}CustomBinding_IWSTrust13Sync"/>
			    	<property name="properties">
			    		<map>
			    			<entry key="ws-security.username" value="joe"/>
			    			<entry key="ws-security.password" value="eoj"/>
							<entry key="ws-security.callback-handler" value="interop.client.KeystorePasswordCallback"/>
				        	<entry key="ws-security.signature.properties" value="etc/alice.properties"/> 
				        	<entry key="ws-security.encryption.properties" value="etc/bob.properties"/>			    			
			    		</map>
			    	</property>
			    </bean>            
            </entry> 
        </jaxws:properties>
    </jaxws:client>
    
   <jaxws:client name="{http://tempuri.org/}CustomBinding_IPingServiceContract2" createdFromAPI="true">
        <jaxws:properties>
            <entry key="ws-security.callback-handler" value="interop.client.KeystorePasswordCallback"/>
            <entry key="ws-security.encryption.properties" value="etc/bob.properties"/> 
            <entry key="ws-security.sts.client">
                <!-- direct STSClient config and creation -->
			    <bean class="org.apache.cxf.ws.security.trust.STSClient">
			    	<constructor-arg ref="cxf"/>
			    	<property name="wsdlLocation" value="target/wsdl2/trust.wsdl"/>
			    	<property name="serviceName" value="{http://schemas.microsoft.com/ws/2008/06/identity/securitytokenservice}SecurityTokenService"/>
			    	<property name="endpointName" value="{http://schemas.microsoft.com/ws/2008/06/identity/securitytokenservice}CustomBinding_IWSTrust13Sync"/>
			    	<property name="properties">
			    		<map>
			    			<entry key="ws-security.username" value="joe"/>
			    			<entry key="ws-security.password" value="eoj"/>
							<entry key="ws-security.callback-handler" value="interop.client.KeystorePasswordCallback"/>
				        	<entry key="ws-security.signature.properties" value="etc/alice.properties"/> 
				        	<entry key="ws-security.encryption.properties" value="etc/bob.properties"/>			    			
			    		</map>
			    	</property>
			    </bean>            
            </entry> 
        </jaxws:properties>
    </jaxws:client>    
    
    <jaxws:client name="{http://tempuri.org/}CustomBinding_IPingServiceContract3" createdFromAPI="true">
        <jaxws:properties>
            <entry key="ws-security.callback-handler" value="interop.client.KeystorePasswordCallback"/>
            <entry key="ws-security.encryption.properties" value="etc/bob.properties"/> 
            <entry key="ws-security.sts.client">
                <!-- direct STSClient config and creation -->
			    <bean class="org.apache.cxf.ws.security.trust.STSClient">
			    	<constructor-arg ref="cxf"/>
			    	<property name="wsdlLocation" value="target/wsdl2/trust.wsdl"/>
			    	<property name="serviceName" value="{http://schemas.microsoft.com/ws/2008/06/identity/securitytokenservice}SecurityTokenService"/>
			    	<property name="endpointName" value="{http://schemas.microsoft.com/ws/2008/06/identity/securitytokenservice}CustomBinding_IWSTrust13Sync"/>
			    	<property name="properties">
			    		<map>
			    			<entry key="ws-security.username" value="joe"/>
			    			<entry key="ws-security.password" value="eoj"/>
							<entry key="ws-security.callback-handler" value="interop.client.KeystorePasswordCallback"/>
				        	<entry key="ws-security.signature.properties" value="etc/alice.properties"/> 
				        	<entry key="ws-security.encryption.properties" value="etc/bob.properties"/>	
				        	<entry key="ws-security.sts.token.properties" value="etc/bob.properties"/>
			    		</map>
			    	</property>
			    </bean>            
            </entry> 
        </jaxws:properties>
    </jaxws:client>  
    
    
    
    <jaxws:client name="{http://tempuri.org/}CustomBinding_IPingServiceContract4" createdFromAPI="true">
        <jaxws:properties>
            <entry key="ws-security.callback-handler" value="interop.client.KeystorePasswordCallback"/>
            <entry key="ws-security.encryption.properties" value="etc/bob.properties"/> 
            <entry key="ws-security.callback-handler.sct" value="interop.client.KeystorePasswordCallback"/>
            <entry key="ws-security.signature.properties.sct" value="etc/alice.properties"/>
            <entry key="ws-security.encryption.properties.sct" value="etc/bob.properties"/>            
        </jaxws:properties>
    </jaxws:client>
    
   <jaxws:client name="{http://tempuri.org/}CustomBinding_IPingServiceContract5" createdFromAPI="true">
        <jaxws:properties>
            <entry key="ws-security.callback-handler" value="interop.client.KeystorePasswordCallback"/>
            <entry key="ws-security.encryption.properties" value="etc/bob.properties"/> 
            <entry key="ws-security.sts.client">
                <!-- direct STSClient config and creation -->
			    <bean class="org.apache.cxf.ws.security.trust.STSClient">
			    	<constructor-arg ref="cxf"/>
			    	<property name="wsdlLocation" value="target/wsdl2/trust.wsdl"/>
			    	<property name="serviceName" value="{http://schemas.microsoft.com/ws/2008/06/identity/securitytokenservice}SecurityTokenService"/>
			    	<property name="endpointName" value="{http://schemas.microsoft.com/ws/2008/06/identity/securitytokenservice}CustomBinding_IWSTrust13Sync"/>
			    	<property name="properties">
			    		<map>
			    			<entry key="ws-security.username" value="joe"/>
			    			<entry key="ws-security.password" value="eoj"/>
							<entry key="ws-security.callback-handler" value="interop.client.KeystorePasswordCallback"/>
				        	<entry key="ws-security.signature.properties" value="etc/alice.properties"/> 
				        	<entry key="ws-security.encryption.properties" value="etc/bob.properties"/>	
				        	<entry key="ws-security.sts.token.properties" value="etc/bob.properties"/>
			    		</map>
			    	</property>
			    </bean>            
            </entry> 
        </jaxws:properties>
    </jaxws:client>  
    
    <jaxws:client name="{http://tempuri.org/}CustomBinding_IPingServiceContract6" createdFromAPI="true">
        <jaxws:properties>
            <entry key="ws-security.callback-handler" value="interop.client.KeystorePasswordCallback"/>
            <entry key="ws-security.encryption.properties" value="etc/bob.properties"/> 
            <entry key="ws-security.sts.client">
                <!-- direct STSClient config and creation -->
			    <bean class="org.apache.cxf.ws.security.trust.STSClient">
			    	<constructor-arg ref="cxf"/>
			    	<property name="wsdlLocation" value="target/wsdl2/trust.wsdl"/>
			    	<property name="serviceName" value="{http://schemas.microsoft.com/ws/2008/06/identity/securitytokenservice}SecurityTokenService"/>
			    	<property name="endpointName" value="{http://schemas.microsoft.com/ws/2008/06/identity/securitytokenservice}CustomBinding_IWSTrust13Sync"/>
			    	<property name="properties">
			    		<map>
			    			<entry key="ws-security.username" value="joe"/>
			    			<entry key="ws-security.password" value="eoj"/>
							<entry key="ws-security.callback-handler" value="interop.client.KeystorePasswordCallback"/>
				        	<entry key="ws-security.signature.properties" value="etc/alice.properties"/> 
				        	<entry key="ws-security.encryption.properties" value="etc/bob.properties"/>	
				        	<entry key="ws-security.sts.token.properties" value="etc/bob.properties"/>
			    		</map>
			    	</property>
			    </bean>            
            </entry> 
        </jaxws:properties>
    </jaxws:client>   

    <jaxws:client name="{http://tempuri.org/}CustomBinding_IPingServiceContract7" createdFromAPI="true">
        <jaxws:properties>
            <entry key="ws-security.callback-handler" value="interop.client.KeystorePasswordCallback"/>
            <entry key="ws-security.encryption.properties" value="etc/bob.properties"/>
            <entry key="ws-security.callback-handler.sct" value="interop.client.KeystorePasswordCallback"/>
            <entry key="ws-security.signature.properties.sct" value="etc/alice.properties"/>
            <entry key="ws-security.encryption.properties.sct" value="etc/bob.properties"/>
            
        </jaxws:properties>
    </jaxws:client> 
    
    <bean name="{http://tempuri.org/}CustomBinding_IPingServiceContract7.sct-client.sts-client" 
    	class="org.apache.cxf.ws.security.trust.STSClient" abstract="true">
    	<property name="wsdlLocation" value="target/wsdl2/trust.wsdl"/>
    	<property name="serviceName" value="{http://schemas.microsoft.com/ws/2008/06/identity/securitytokenservice}SecurityTokenService"/>
    	<property name="endpointName" value="{http://schemas.microsoft.com/ws/2008/06/identity/securitytokenservice}CustomBinding_IWSTrust13Sync"/>
    	<property name="properties">
    		<map>
    			<entry key="ws-security.username" value="joe"/>
    			<entry key="ws-security.password" value="eoj"/>
            	<entry key="ws-security.signature.properties" value="etc/alice.properties"/> 
	        	<entry key="ws-security.encryption.properties" value="etc/bob.properties"/>	
            	<entry key="ws-security.sts.token.properties" value="etc/bob.properties"/>  
            	<entry key="ws-security.callback-handler" value="interop.client.KeystorePasswordCallback"/>
    		</map>
    	</property>
    </bean>  
    

    <jaxws:client name="{http://tempuri.org/}CustomBinding_IPingServiceContract8" createdFromAPI="true">
        <jaxws:properties>
            <entry key="ws-security.callback-handler" value="interop.client.KeystorePasswordCallback"/>
            <entry key="ws-security.encryption.properties" value="etc/bob.properties"/> 
            <entry key="ws-security.sts.client">
                <!-- direct STSClient config and creation -->
			    <bean class="org.apache.cxf.ws.security.trust.STSClient">
			    	<constructor-arg ref="cxf"/>
			    	<property name="wsdlLocation" value="target/wsdl2/trust.wsdl"/>
			    	<property name="serviceName" value="{http://schemas.microsoft.com/ws/2008/06/identity/securitytokenservice}SecurityTokenService"/>
			    	<property name="endpointName" value="{http://schemas.microsoft.com/ws/2008/06/identity/securitytokenservice}CustomBinding_IWSTrust13Sync"/>
			    	<property name="properties">
			    		<map>
			    			<entry key="ws-security.username" value="joe"/>
			    			<entry key="ws-security.password" value="eoj"/>
							<entry key="ws-security.callback-handler" value="interop.client.KeystorePasswordCallback"/>
				        	<entry key="ws-security.signature.properties" value="etc/alice.properties"/> 
				        	<entry key="ws-security.encryption.properties" value="etc/bob.properties"/>	
				        	<entry key="ws-security.sts.token.properties" value="etc/bob.properties"/>
			    		</map>
			    	</property>
			    </bean>            
            </entry> 
        </jaxws:properties>
    </jaxws:client>   


    <jaxws:client name="{http://tempuri.org/}CustomBinding_IPingServiceContract9" createdFromAPI="true">
        <jaxws:properties>
            <entry key="ws-security.callback-handler" value="interop.client.KeystorePasswordCallback"/>
            <entry key="ws-security.encryption.properties" value="etc/bob.properties"/> 
            <entry key="ws-security.sts.client">
                <!-- direct STSClient config and creation -->
			    <bean class="org.apache.cxf.ws.security.trust.STSClient">
			    	<constructor-arg ref="cxf"/>
			    	<property name="wsdlLocation" value="target/wsdl2/trust.wsdl"/>
			    	<property name="serviceName" value="{http://schemas.microsoft.com/ws/2008/06/identity/securitytokenservice}SecurityTokenService"/>
			    	<property name="endpointName" value="{http://schemas.microsoft.com/ws/2008/06/identity/securitytokenservice}CustomBinding_IWSTrust13Sync"/>
			    	<property name="properties">
			    		<map>
			    			<entry key="ws-security.username" value="joe"/>
			    			<entry key="ws-security.password" value="eoj"/>
							<entry key="ws-security.callback-handler" value="interop.client.KeystorePasswordCallback"/>
				        	<entry key="ws-security.signature.properties" value="etc/alice.properties"/> 
				        	<entry key="ws-security.encryption.properties" value="etc/bob.properties"/>	
				        	<entry key="ws-security.sts.token.properties" value="etc/bob.properties"/>
			    		</map>
			    	</property>
			    </bean>            
            </entry> 
        </jaxws:properties>
    </jaxws:client>   
    
   <jaxws:client name="{http://tempuri.org/}CustomBinding_IPingServiceContract10" createdFromAPI="true">
        <jaxws:properties>
            <entry key="ws-security.callback-handler" value="interop.client.KeystorePasswordCallback"/>
            <entry key="ws-security.encryption.properties" value="etc/bob.properties"/> 
            <entry key="ws-security.sts.client">
                <!-- direct STSClient config and creation -->
			    <bean class="org.apache.cxf.ws.security.trust.STSClient">
			    	<constructor-arg ref="cxf"/>
			    	<property name="wsdlLocation" value="target/wsdl2/trust.wsdl"/>
			    	<property name="serviceName" value="{http://schemas.microsoft.com/ws/2008/06/identity/securitytokenservice}SecurityTokenService"/>
			    	<property name="endpointName" value="{http://schemas.microsoft.com/ws/2008/06/identity/securitytokenservice}CustomBinding_IWSTrust13Sync"/>
			    	<property name="properties">
			    		<map>
			    			<entry key="ws-security.username" value="joe"/>
			    			<entry key="ws-security.password" value="eoj"/>
							<entry key="ws-security.callback-handler" value="interop.client.KeystorePasswordCallback"/>
				        	<entry key="ws-security.signature.properties" value="etc/alice.properties"/> 
				        	<entry key="ws-security.encryption.properties" value="etc/bob.properties"/>	
				        	<entry key="ws-security.sts.token.properties" value="etc/bob.properties"/>
			    		</map>
			    	</property>
			    </bean>            
            </entry> 
        </jaxws:properties>
    </jaxws:client>      
    
    <jaxws:client name="{http://tempuri.org/}OasisScenario4Binding_IPingServiceContract" createdFromAPI="true">
        <jaxws:properties>
            <!-- STS config by reference -->
            <entry key="ws-security.sts.client" value-ref="OasisScenario4Binding_IPingServiceContract-sts"/>
        </jaxws:properties>
    </jaxws:client>
    
    
    <jaxws:client name="{http://tempuri.org/}OasisScenario2Binding_IPingServiceContract" createdFromAPI="true">
        <jaxws:properties>
            <!-- STS config by reference -->
            <entry key="ws-security.sts.client" value-ref="OasisScenario4Binding_IPingServiceContract-sts"/>
        </jaxws:properties>
    </jaxws:client>
   

     
    <http:conduit name="https://131.107.72.15/.*">
        <http:tlsClientParameters disableCNCheck="true">
            <sec:keyManagers keyPassword="password">
                <sec:keyStore type="pkcs12" password="password" resource="certs/alice.pfx"/>
            </sec:keyManagers>
            <sec:trustManagers>
                <sec:keyStore type="pkcs12" password="password" resource="certs/bob.pfx"/>
            </sec:trustManagers>
        </http:tlsClientParameters>
    </http:conduit>
    
    <http:conduit name="https://131.107.153.205/.*">
        <http:tlsClientParameters disableCNCheck="true">
            <sec:keyManagers keyPassword="password">
                <sec:keyStore type="pkcs12" password="password" resource="certs/alice.pfx"/>
            </sec:keyManagers>
            <sec:trustManagers>
                <sec:keyStore type="pkcs12" password="password" resource="certs/WssIP.pfx"/>
            </sec:trustManagers>
        </http:tlsClientParameters>
        <http:client Connection="close" AllowChunking="false"/>
    </http:conduit>
    <http:conduit name="https://131.107.153.205:8443/.*">
        <http:tlsClientParameters disableCNCheck="true">
            <sec:keyManagers keyPassword="password">
                <sec:keyStore type="pkcs12" password="password" resource="certs/alice.pfx"/>
            </sec:keyManagers>
            <sec:trustManagers>
                <sec:keyStore type="pkcs12" password="password" resource="certs/alice.pfx"/>
            </sec:trustManagers>
        </http:tlsClientParameters>
        <http:client Connection="close" AllowChunking="false"/>
    </http:conduit>
    <!--
    <http:conduit name="{http://tempuri.org/}CustomBinding_IPingServiceContract.http-conduit">
        <http:tlsClientParameters disableCNCheck="true">
            <sec:keyManagers keyPassword="password">
                <sec:keyStore type="pkcs12" password="password" resource="certs/alice.pfx"/>
            </sec:keyManagers>
            <sec:trustManagers>
                <sec:keyStore type="pkcs12" password="password" resource="certs/WssIP.pfx"/>
            </sec:trustManagers>
        </http:tlsClientParameters>
        <http:client Connection="close" AllowChunking="false"/>
    </http:conduit>
    
    <http:conduit name="https://131.107.153.205/.*">
        <http:tlsClientParameters disableCNCheck="true">
            <sec:keyManagers keyPassword="password">
                <sec:keyStore type="pkcs12" password="password" resource="certs/alice.pfx"/>
            </sec:keyManagers>
            <sec:trustManagers>
                <sec:keyStore type="pkcs12" password="password" resource="certs/WssIP.pfx"/>
            </sec:trustManagers>
        </http:tlsClientParameters>
        <http:client Connection="close" AllowChunking="false" ConnectionTimeout="0"
            ReceiveTimeout="0"/>
    </http:conduit>    
    -->
    
</beans>
